location,average_mph
tourist,59.083730929139506
non-tourist,59.44759581936652
