location,average_mph
tourist,59.0837309291395
non-tourist,59.44759581936676
