location,average_mph
tourist,59.08373092913948
non-tourist,59.4557222992984
