location,average_mph
tourist,59.08373092913949
non-tourist,59.455722299298145
